don_fname,don_mi,don_lname,don_amt,don_date
Malisa,Q,Sebree,41839,18 January 2015
Janella,W,Farkas,37393,27 February 2015
Cordell,E,Behler,45094,2 March 2015
Dannie,R,Calderone,35988,25 April 2015
Sue,T,Mcnellis,27176,17 May 2015
Stacee,Y,Bushard,31461,11 June 2015
Dorla  ,U,Perrin,10828,6 July 2015
Nevada,I,Garmany,47613,6 December 2015
Melba,O,Irving,24975,16 February 2016
Damian,P,Warburton,17969,1 April 2016
Sal,A,Hinkel,29608,11 May 2016
Willetta,S,Cory,29991,21 July 2016
Tennille,D,Kea,29381,23 July 2016
Nichelle,F,Dampier,15561,29 July 2016
Qiana,G,Pusey,48768,22 September 2016
Shala,H,Vialpando,23891,23 October 2016
Trina,J,Boedeker,26692,21 November 2016
Earline,K,Bayer,11434,6 January 2017
Mark,L,Wing,31395,17 February 2017
Ezekiel,Z,Nusbaum,9944,17 August 2017
Delmer,X,McAndrew,11639,28 August 2017
Lecia,C,Lorenz,30423,9 October 2017
Ozie,V,Avilez,49438,13 October 2017
Marylynn,B,Griffy,13971,26 October 2017
Daphine,N,Dillenbeck,14758,27 November 2017
Noe,M,Kennell,17874,27 February 2015
Florentino ,Q,McGonigal,37929,25 March 2015
Lissette,W,Beekman,46658,7 May 2015
Tiffanie,E,Mosser,39157,30 July 2015
Marcelle,R,Chmura,48649,31 August 2015
